id,name,blood_group,age,location,phone,last_donation,available,response_rate,preferred_time,status
21,Rokeya Kader,O+,41,Khulna,01319347472,2024-09-17,False,0.72,Morning,Active
22,Nadia Sarker,O+,41,Dhaka,01808414014,2025-03-25,True,0.58,Afternoon,Active
23,Karim Sarker,B+,30,Khulna,01783607586,2024-10-27,True,0.65,Afternoon,Active
24,Shahjahan Ahsan,O+,30,Dhaka,01358039212,2025-05-09,True,0.71,Evening,Active
25,Alamgir Hossain,O+,45,Dhaka,01695024165,2025-05-12,True,0.66,Any,Active
26,Nasir Uddin,A+,32,Rajshahi,01373933752,2025-06-14,True,0.3,Morning,Active
27,Alamgir Jahan,A-,27,Dhaka,01642517608,2025-01-26,True,0.82,Any,Active
28,Sonia Khan,O+,50,Dhaka,01722301082,2025-05-23,True,0.31,Afternoon,Active
29,Jahanara Sarker,O+,29,Rajshahi,01415195665,,False,0.31,Morning,Active
30,Moushumi Ahsan,A+,40,Dhaka,01651360798,,True,0.69,Any,Active
31,Shamim Malik,B+,33,Dhaka,01677181589,,True,0.4,Morning,Active
32,Jannat Begum,O-,30,Chittagong,01613707644,2025-06-29,True,0.77,Morning,Active
33,Siraj Hasan,AB+,36,Khulna,01429374015,2025-02-15,True,0.57,Afternoon,Active
34,Nadia Ahsan,O+,38,Dhaka,01580003871,,True,0.78,Any,Active
35,Sajeda Bhuiyan,A+,25,Rajshahi,01827788440,,True,0.56,Afternoon,Active
36,Nadia Jahan,B+,49,Dhaka,01649543358,2024-10-24,True,0.87,Morning,Active
37,Mohammad Begum,A+,35,Dhaka,01933938804,,False,0.61,Evening,Active
38,Faisal Malik,B+,32,Chittagong,01553973915,2025-03-16,True,0.3,Evening,Active
39,Rafiq Chowdhury,A+,32,Dhaka,01349065573,2024-12-27,True,0.59,Any,Active
40,Rahim Haque,A+,28,Khulna,01487537046,2025-06-19,False,0.74,Afternoon,Active
41,Rina Kader,O+,36,Chittagong,01452402687,2024-12-29,False,0.51,Evening,Inactive
42,Yusuf Khan,B+,33,Dhaka,01781774435,2024-09-09,False,0.44,Evening,Inactive
43,Nasrin Ahsan,A+,32,Khulna,01321579507,2025-02-20,False,0.62,Afternoon,Active
44,Jahanara Rahman,O+,26,Dhaka,01359525996,,False,0.34,Evening,Active
45,Jahanara Ali,A+,28,Rajshahi,01828391802,2025-03-15,False,0.61,Any,Active
46,Rokeya Begum,O+,54,Rajshahi,01836981965,2024-12-06,True,0.41,Any,Active
47,Rina Uddin,B+,52,Dhaka,01435035294,2025-05-30,True,0.26,Morning,Active
48,Mokhles Miah,A+,51,Rajshahi,01348743148,,True,0.33,Afternoon,Active
49,Lina Kader,A+,40,Dhaka,01644592215,2025-06-02,True,0.34,Afternoon,Active
50,Anwar Jahan,B+,45,Dhaka,01623091398,2025-03-08,True,0.88,Evening,Active
51,Alamgir Ahsan,O+,27,Khulna,01605411206,,True,0.56,Morning,Active
52,Salam Kader,O+,29,Dhaka,01355331339,2024-10-09,True,0.56,Any,Active
53,Yusuf Ahmed,A+,35,Rajshahi,01502100936,2024-08-28,True,0.54,Any,Active
54,Mokhles Islam,B+,30,Dhaka,01373753825,2024-08-01,True,0.82,Afternoon,Active
55,Razia Ahmed,A+,30,Chittagong,01408639493,2025-04-23,True,0.64,Evening,Active
56,Kamal Malik,O-,34,Dhaka,01311865675,2024-10-07,False,0.78,Evening,Inactive
57,Shahjahan Kader,O+,58,Chittagong,01346347582,,False,0.24,Any,Active
58,Sajeda Jahan,A+,36,Chittagong,01806988989,2025-05-18,False,0.56,Evening,Active
59,Shila Hassan,O+,20,Rajshahi,01361332501,2024-11-30,True,0.71,Morning,Active
60,Shamim Ali,O+,56,Dhaka,01500399794,,True,0.51,Any,Active
61,Shirin Uddin,B+,31,Rajshahi,01677836894,,True,0.42,Any,Active
62,Papia Jahan,O+,34,Dhaka,01599967185,2025-03-27,True,0.83,Evening,Active
63,Fatema Karim,A+,43,Dhaka,01679132480,2024-08-25,False,0.57,Morning,Active
64,Alamgir Ahmed,A-,33,Chittagong,01980886901,2024-08-07,False,0.62,Evening,Inactive
65,Mokhles Ahmed,O+,52,Dhaka,01540544043,2024-09-12,True,0.43,Evening,Active
66,Karim Khan,O+,24,Dhaka,01980621415,2024-10-29,True,0.81,Morning,Active
67,Jannat Hasan,A+,23,Khulna,01907416911,2024-11-04,True,0.93,Evening,Active
68,Shirin Islam,B+,24,Chittagong,01870620810,,True,0.72,Evening,Active
69,Rokeya Malik,O+,42,Dhaka,01766181324,2024-07-20,True,0.43,Any,Active
70,Faisal Kader,B+,28,Khulna,01762883733,2025-03-23,False,0.81,Any,Inactive
71,Laila Bhuiyan,O+,44,Khulna,01455195259,2025-03-31,True,0.67,Any,Active
72,Moushumi Malik,O+,51,Khulna,01413759320,2024-11-30,False,0.36,Afternoon,Inactive
73,Jannat Miah,O+,33,Dhaka,01547700158,,True,0.84,Morning,Active
74,Nadia Zaman,O+,37,Rajshahi,01961740482,2025-01-22,False,0.79,Any,Active
75,Moushumi Islam,B+,39,Khulna,01490648939,2024-08-03,False,0.35,Afternoon,Active
76,Nasrin Kader,O-,31,Rajshahi,01509545592,2025-02-16,True,0.74,Evening,Active
77,Jahangir Ahmed,AB-,28,Chittagong,01943541695,2024-08-10,True,0.85,Any,Inactive
78,Lina Karim,O+,41,Rajshahi,01793098207,2025-04-27,False,0.57,Afternoon,Active
79,Morshed Hasan,B+,29,Dhaka,01429614230,,True,0.54,Morning,Active
80,Lina Ahmed,A+,29,Dhaka,01506521498,,False,0.66,Any,Inactive
81,Anwar Hassan,B+,26,Khulna,01608957669,2025-01-12,True,0.82,Any,Active
82,Arif Hasan,O+,51,Khulna,01744653940,2025-02-24,True,0.57,Evening,Active
83,Nupur Ahmed,A+,52,Rajshahi,01378474111,2024-10-25,False,0.2,Any,Inactive
84,Taslima Chowdhury,A-,38,Rajshahi,01357310213,2025-04-24,True,0.42,Morning,Active
85,Zahid Sarker,B+,37,Chittagong,01781159627,2024-11-26,True,0.63,Any,Active
86,Salam Hossain,O+,29,Dhaka,01370458605,2024-12-31,True,0.51,Afternoon,Active
87,Nasir Khatun,B+,43,Chittagong,01525471883,2024-07-07,True,0.31,Morning,Active
88,Shirin Khan,A+,27,Khulna,01404898838,2025-03-25,True,0.41,Evening,Active
89,Sonia Sarker,A+,25,Rajshahi,01752379997,,True,0.65,Any,Active
90,Rahim Haque,A+,23,Chittagong,01819590932,,False,0.51,Any,Active
91,Salam Ahmed,A-,55,Rajshahi,01321860295,2025-06-09,True,0.53,Evening,Active
92,Papia Chowdhury,A+,31,Khulna,01452297146,2024-11-16,True,0.65,Any,Active
93,Parvin Uddin,A+,29,Dhaka,01582581329,2025-02-13,True,0.43,Morning,Active
94,Rupa Hossain,A+,31,Dhaka,01970904535,2024-10-29,True,0.65,Morning,Active
95,Jahangir Hasan,A-,59,Dhaka,01575659886,2024-09-17,True,0.51,Afternoon,Active
96,Shahjahan Uddin,B-,26,Khulna,01669028288,,True,0.78,Any,Active
97,Rokeya Bhuiyan,O+,30,Khulna,01674382873,2025-06-12,True,0.47,Any,Active
98,Shahjahan Siddique,O+,47,Dhaka,01851798739,2025-02-12,True,0.5,Afternoon,Active
99,Shahjahan Khan,O+,30,Khulna,01400677598,2024-07-29,False,0.67,Afternoon,Inactive
100,Jannat Rahman,A+,39,Dhaka,01797923644,,True,0.35,Afternoon,Active
101,Shila Uddin,B+,31,Chittagong,01393928791,2024-10-17,True,0.49,Any,Active
102,Anwar Uddin,B+,39,Dhaka,01951109083,2024-08-24,False,0.67,Morning,Active
103,Mokhles Karim,O+,34,Dhaka,01572536663,2024-09-01,True,0.46,Morning,Active
104,Nasrin Bhuiyan,O+,30,Khulna,01929011426,,True,0.88,Evening,Active
105,Shirin Bhuiyan,A+,31,Chittagong,01885764760,,False,0.32,Evening,Active
106,Nupur Ali,A+,32,Dhaka,01316837115,2025-04-11,False,0.57,Afternoon,Inactive
107,Mizan Hassan,A+,55,Chittagong,01455196978,,True,0.19,Afternoon,Active
108,Sajeda Ali,O+,30,Dhaka,01367897358,2024-07-08,True,0.8,Evening,Active
109,Laila Hossain,AB+,44,Dhaka,01965096116,2025-05-20,True,0.85,Afternoon,Active
110,Farid Malik,AB-,32,Dhaka,01619835007,,True,0.62,Morning,Active
111,Monir Hassan,B+,32,Rajshahi,01675621541,2025-01-16,True,0.75,Morning,Active
112,Lina Begum,O-,41,Chittagong,01611141034,2024-11-20,True,0.31,Any,Active
113,Shirin Khatun,O+,31,Khulna,01611605008,2025-04-16,False,0.62,Morning,Inactive
114,Mokhles Haque,B+,55,Dhaka,01718211900,,True,0.4,Morning,Active
115,Laila Begum,A+,28,Chittagong,01585269894,2025-03-25,True,0.74,Morning,Active
116,Shafiq Siddique,A+,32,Khulna,01756688275,,True,0.62,Afternoon,Active
117,Rina Hasan,AB+,39,Rajshahi,01565947223,2024-10-30,True,0.64,Any,Active
118,Jahangir Khatun,A+,39,Dhaka,01825535489,2025-02-24,True,0.83,Afternoon,Active
119,Shahid Kader,A+,58,Rajshahi,01820502937,2024-09-05,False,0.28,Afternoon,Active
120,Kamal Ahsan,O+,28,Khulna,01671978959,,False,0.45,Afternoon,Active
